From,To,Value (ETH),Transaction Hash
0x21a31Ee1afC51d94C2eFcCAa2092aD1028285549,0xd59d7a9698efF3e68E0aF7E803d4Ed35e7ED12D2,589,b54b79a403b02b1e8d166181907fa20aaec7c9875ad2485975ae6c6e5797ce74
0xDc99Bbae11A8333f996B8230C80179D7401d01F1,0x58b704065B7aFF3ED351052f8560019E05925023,10.00150266,b7c403c7b6f1c2f4511bb861e5f731f344737f0e821432e87a48851605aa11e1
0xD749Ae6D789c6F65e9135533A10d1AE5B0307612,0x40A50cf069e992AA4536211B23F286eF88752187,30,2829c7a8ecbd9a2f38a6c88944c3089281d8b020066e8f120004fbd937100c58
0xb8bA36E591FAceE901FfD3d5D82dF491551AD7eF,0x5BbA48c46C521753155Bc127c49f6b9B9b2e8059,68.99699903,c4788b6c816a2679201b309c306e60cbbc090a4c013f20891d69042d49659353
0xB0Ba33566bd35BcB80738810B2868DC1dDd1f0E9,0x6E43436177473AdbeEFA1f18f6F8DAAF86765ecA,20.39400332,c76f5394bde882cc130bc1f0dbbdcf7697731d38038029bd0d453cb5f981561b
